"id","codigo_municipio","nombre_municipio","codigo_departamento"
"1",1,"MEDELLIN","5"
"2",2,"ABEJORRAL","5"
"3",4,"ABRIAQUI","5"
"4",21,"ALEJANDRIA","5"
"5",30,"AMAGA","5"
"6",31,"AMALFI","5"
"7",34,"ANDES","5"
"8",36,"ANGELOPOLIS","5"
"9",38,"ANGOSTURA","5"
"10",40,"ANORI","5"
"11",42,"SANTAFE DE ANTIOQUIA","5"
"12",44,"ANZA","5"
"13",45,"APARTADO","5"
"14",51,"ARBOLETES","5"
"15",55,"ARGELIA","5"
"16",59,"ARMENIA","5"
"17",79,"BARBOSA","5"
"18",86,"BELMIRA","5"
"19",88,"BELLO","5"
"20",91,"BETANIA","5"
"21",93,"BETULIA","5"
"22",101,"CIUDAD BOLIVAR","5"
"23",107,"BRICEÑO","5"
"24",113,"BURITICA","5"
"25",120,"CACERES","5"
"26",125,"CAICEDO","5"
"27",129,"CALDAS","5"
"28",134,"CAMPAMENTO","5"
"29",138,"CAÑASGORDAS","5"
"30",142,"CARACOLI","5"
"31",145,"CARAMANTA","5"
"32",147,"CAREPA","5"
"33",148,"EL CARMEN DE VIBORAL","5"
"34",150,"CAROLINA","5"
"35",154,"CAUCASIA","5"
"36",172,"CHIGORODO","5"
"37",190,"CISNEROS","5"
"38",197,"COCORNA","5"
"39",206,"CONCEPCION","5"
"40",209,"CONCORDIA","5"
"41",212,"COPACABANA","5"
"42",234,"DABEIBA","5"
"43",237,"DON MATIAS","5"
"44",240,"EBEJICO","5"
"45",250,"EL BAGRE","5"
"46",264,"ENTRERRIOS","5"
"47",266,"ENVIGADO","5"
"48",282,"FREDONIA","5"
"49",284,"FRONTINO","5"
"50",306,"GIRALDO","5"
"51",308,"GIRARDOTA","5"
"52",310,"GOMEZ PLATA","5"
"53",313,"GRANADA","5"
"54",315,"GUADALUPE","5"
"55",318,"GUARNE","5"
"56",321,"GUATAPE","5"
"57",347,"HELICONIA","5"
"58",353,"HISPANIA","5"
"59",360,"ITAGUI","5"
"60",361,"ITUANGO","5"
"61",364,"JARDIN","5"
"62",368,"JERICO","5"
"63",376,"LA CEJA","5"
"64",380,"LA ESTRELLA","5"
"65",390,"LA PINTADA","5"
"66",400,"LA UNION","5"
"67",411,"LIBORINA","5"
"68",425,"MACEO","5"
"69",440,"MARINILLA","5"
"70",467,"MONTEBELLO","5"
"71",475,"MURINDO","5"
"72",480,"MUTATA","5"
"73",483,"NARIÑO","5"
"74",490,"NECOCLI","5"
"75",495,"NECHI","5"
"76",501,"OLAYA","5"
"77",541,"PEÐOL","5"
"78",543,"PEQUE","5"
"79",576,"PUEBLORRICO","5"
"80",579,"PUERTO BERRIO","5"
"81",585,"PUERTO NARE","5"
"82",591,"PUERTO TRIUNFO","5"
"83",604,"REMEDIOS","5"
"84",607,"RETIRO","5"
"85",615,"RIONEGRO","5"
"86",628,"SABANALARGA","5"
"87",631,"SABANETA","5"
"88",642,"SALGAR","5"
"89",647,"SAN ANDRESCUERQUIA","5"
"90",649,"SAN CARLOS","5"
"91",652,"SAN FRANCISCO","5"
"92",656,"SAN JERONIMO","5"
"94",659,"SAN JUAN DE URABA","5"
"95",660,"SAN LUIS","5"
"96",664,"SAN PEDRO","5"
"97",665,"SAN PEDRO DE URABA","5"
"98",667,"SAN RAFAEL","5"
"99",670,"SAN ROQUE","5"
"100",674,"SAN VICENTE","5"
"101",679,"SANTA BARBARA","5"
"102",686,"SANTA ROSA DE OSOS","5"
"103",690,"SANTO DOMINGO","5"
"104",697,"EL SANTUARIO","5"
"105",736,"SEGOVIA","5"
"106",756,"SONSON","5"
"107",761,"SOPETRAN","5"
"108",789,"TAMESIS","5"
"109",790,"TARAZA","5"
"110",792,"TARSO","5"
"111",809,"TITIRIBI","5"
"112",819,"TOLEDO","5"
"113",837,"TURBO","5"
"114",842,"URAMITA","5"
"115",847,"URRAO","5"
"116",854,"VALDIVIA","5"
"117",856,"VALPARAISO","5"
"118",858,"VEGACHI","5"
"119",861,"VENECIA","5"
"120",873,"VIGIA DEL FUERTE","5"
"121",885,"YALI","5"
"122",887,"YARUMAL","5"
"123",890,"YOLOMBO","5"
"124",893,"YONDO","5"
"125",895,"ZARAGOZA","5"
"126",1,"BARRANQUILLA","8"
"127",78,"BARANOA","8"
"128",137,"CAMPO DE LA CRUZ","8"
"129",141,"CANDELARIA","8"
"130",296,"GALAPA","8"
"131",372,"JUAN DE ACOSTA","8"
"132",421,"LURUACO","8"
"133",433,"MALAMBO","8"
"134",436,"MANATI","8"
"135",520,"PALMAR DE VARELA","8"
"136",549,"PIOJO","8"
"137",558,"POLONUEVO","8"
"138",560,"PONEDERA","8"
"139",573,"PUERTO COLOMBIA","8"
"140",606,"REPELON","8"
"141",634,"SABANAGRANDE","8"
"142",638,"SABANALARGA","8"
"143",675,"SANTA LUCIA","8"
"144",685,"SANTO TOMAS","8"
"145",758,"SOLEDAD","8"
"146",770,"SUAN","8"
"147",832,"TUBARA","8"
"148",849,"USIACURI","8"
"149",1,"BOGOTA, D.C.","11"
"150",1,"CARTAGENA","13"
"151",6,"ACHI","13"
"152",30,"ALTOS DEL ROSARIO","13"
"153",42,"ARENAL","13"
"154",52,"ARJONA","13"
"155",62,"ARROYOHONDO","13"
"156",74,"BARRANCO DE LOBA","13"
"157",140,"CALAMAR","13"
"158",160,"CANTAGALLO","13"
"159",188,"CICUCO","13"
"160",212,"CORDOBA","13"
"161",222,"CLEMENCIA","13"
"162",244,"EL CARMEN DE BOLIVAR","13"
"163",248,"EL GUAMO","13"
"164",268,"EL PEÑON","13"
"165",300,"HATILLO DE LOBA","13"
"166",430,"MAGANGUE","13"
"167",433,"MAHATES","13"
"168",440,"MARGARITA","13"
"169",442,"MARIA LA BAJA","13"
"170",458,"MONTECRISTO","13"
"171",468,"MOMPOS","13"
"172",490,"NOROSI (1)","13"
"173",473,"MORALES","13"
"174",549,"PINILLOS","13"
"175",580,"REGIDOR","13"
"176",600,"RIO VIEJO (1)","13"
"177",620,"SAN CRISTOBAL","13"
"178",647,"SAN ESTANISLAO","13"
"179",650,"SAN FERNANDO","13"
"180",654,"SAN JACINTO","13"
"183",667,"SAN MARTIN DE LOBA","13"
"184",670,"SAN PABLO","13"
"185",673,"SANTA CATALINA","13"
"186",683,"SANTA ROSA","13"
"187",688,"SANTA ROSA DEL SUR","13"
"188",744,"SIMITI","13"
"189",760,"SOPLAVIENTO","13"
"190",780,"TALAIGUA NUEVO","13"
"191",810,"TIQUISIO","13"
"192",836,"TURBACO","13"
"193",838,"TURBANA","13"
"194",873,"VILLANUEVA","13"
"195",894,"ZAMBRANO","13"
"196",1,"TUNJA","15"
"197",22,"ALMEIDA","15"
"198",47,"AQUITANIA","15"
"199",51,"ARCABUCO","15"
"200",87,"BELEN","15"
"201",90,"BERBEO","15"
"202",92,"BETEITIVA","15"
"203",97,"BOAVITA","15"
"204",104,"BOYACA","15"
"205",106,"BRICEÑO","15"
"206",109,"BUENAVISTA","15"
"207",114,"BUSBANZA","15"
"208",131,"CALDAS","15"
"209",135,"CAMPOHERMOSO","15"
"210",162,"CERINZA","15"
"211",172,"CHINAVITA","15"
"212",176,"CHIQUINQUIRA","15"
"213",180,"CHISCAS","15"
"214",183,"CHITA","15"
"215",185,"CHITARAQUE","15"
"216",187,"CHIVATA","15"
"217",189,"CIENEGA","15"
"218",204,"COMBITA","15"
"219",212,"COPER","15"
"220",215,"CORRALES","15"
"221",218,"COVARACHIA","15"
"222",223,"CUBARA","15"
"223",224,"CUCAITA","15"
"224",226,"CUITIVA","15"
"225",232,"CHIQUIZA","15"
"226",236,"CHIVOR","15"
"227",238,"DUITAMA","15"
"228",244,"EL COCUY","15"
"229",248,"EL ESPINO","15"
"230",272,"FIRAVITOBA","15"
"231",276,"FLORESTA","15"
"232",293,"GACHANTIVA","15"
"233",296,"GAMEZA","15"
"234",299,"GARAGOA","15"
"235",317,"GUACAMAYAS","15"
"236",322,"GUATEQUE","15"
"237",325,"GUAYATA","15"
"238",332,"GsICAN","15"
"239",362,"IZA","15"
"240",367,"JENESANO","15"
"241",368,"JERICO","15"
"242",377,"LABRANZAGRANDE","15"
"243",380,"LA CAPILLA","15"
"244",401,"LA VICTORIA","15"
"245",403,"LA UVITA","15"
"246",407,"VILLA DE LEYVA","15"
"247",425,"MACANAL","15"
"248",442,"MARIPI","15"
"249",455,"MIRAFLORES","15"
"250",464,"MONGUA","15"
"251",466,"MONGUI","15"
"252",469,"MONIQUIRA","15"
"253",476,"MOTAVITA","15"
"254",480,"MUZO","15"
"255",491,"NOBSA","15"
"256",494,"NUEVO COLON","15"
"257",500,"OICATA","15"
"258",507,"OTANCHE","15"
"259",511,"PACHAVITA","15"
"260",514,"PAEZ","15"
"261",516,"PAIPA","15"
"262",518,"PAJARITO","15"
"263",522,"PANQUEBA","15"
"264",531,"PAUNA","15"
"265",533,"PAYA","15"
"266",537,"PAZ DE RIO","15"
"267",542,"PESCA","15"
"268",550,"PISBA","15"
"269",572,"PUERTO BOYACA","15"
"270",580,"QUIPAMA","15"
"271",599,"RAMIRIQUI","15"
"272",600,"RAQUIRA","15"
"273",621,"RONDON","15"
"274",632,"SABOYA","15"
"275",638,"SACHICA","15"
"276",646,"SAMACA","15"
"277",660,"SAN EDUARDO","15"
"278",664,"SAN JOSE DE PARE","15"
"279",667,"SAN LUIS DE GACENO","15"
"280",673,"SAN MATEO","15"
"281",676,"SAN MIGUEL DE SEMA","15"
"282",681,"SAN PABLO DE BORBUR","15"
"283",686,"SANTANA","15"
"284",690,"SANTA MARIA","15"
"286",696,"SANTA SOFIA","15"
"287",720,"SATIVANORTE","15"
"288",723,"SATIVASUR","15"
"289",740,"SIACHOQUE","15"
"290",753,"SOATA","15"
"291",755,"SOCOTA","15"
"292",757,"SOCHA","15"
"293",759,"SOGAMOSO","15"
"294",761,"SOMONDOCO","15"
"295",762,"SORA","15"
"296",763,"SOTAQUIRA","15"
"297",764,"SORACA","15"
"298",774,"SUSACON","15"
"299",776,"SUTAMARCHAN","15"
"300",778,"SUTATENZA","15"
"301",790,"TASCO","15"
"302",798,"TENZA","15"
"303",804,"TIBANA","15"
"304",806,"TIBASOSA","15"
"305",808,"TINJACA","15"
"306",810,"TIPACOQUE","15"
"307",814,"TOCA","15"
"308",816,"TOGsI","15"
"309",820,"TOPAGA","15"
"310",822,"TOTA","15"
"311",832,"TUNUNGUA","15"
"312",835,"TURMEQUE","15"
"313",837,"TUTA","15"
"314",839,"TUTAZA","15"
"315",842,"UMBITA","15"
"316",861,"VENTAQUEMADA","15"
"317",879,"VIRACACHA","15"
"318",897,"ZETAQUIRA","15"
"319",1,"MANIZALES","17"
"320",13,"AGUADAS","17"
"321",42,"ANSERMA","17"
"322",50,"ARANZAZU","17"
"323",88,"BELALCAZAR","17"
"324",174,"CHINCHINA","17"
"325",272,"FILADELFIA","17"
"326",380,"LA DORADA","17"
"327",388,"LA MERCED","17"
"328",433,"MANZANARES","17"
"329",442,"MARMATO","17"
"330",444,"MARQUETALIA","17"
"331",446,"MARULANDA","17"
"332",486,"NEIRA","17"
"333",495,"NORCASIA","17"
"334",513,"PACORA","17"
"335",524,"PALESTINA","17"
"336",541,"PENSILVANIA","17"
"337",614,"RIOSUCIO","17"
"338",616,"RISARALDA","17"
"339",653,"SALAMINA","17"
"340",662,"SAMANA","17"
"341",665,"SAN JOSE","17"
"342",777,"SUPIA","17"
"343",867,"VICTORIA","17"
"344",873,"VILLAMARIA","17"
"345",877,"VITERBO","17"
"346",1,"FLORENCIA","18"
"347",29,"ALBANIA","18"
"350",205,"CURILLO","18"
"351",247,"EL DONCELLO","18"
"352",256,"EL PAUJIL","18"
"353",410,"LA MONTAÑITA","18"
"354",460,"MILAN","18"
"355",479,"MORELIA","18"
"356",592,"PUERTO RICO","18"
"359",756,"SOLANO","18"
"360",785,"SOLITA","18"
"361",860,"VALPARAISO","18"
"362",1,"POPAYAN","19"
"363",22,"ALMAGUER","19"
"364",50,"ARGELIA","19"
"365",75,"BALBOA","19"
"366",100,"BOLIVAR","19"
"367",110,"BUENOS AIRES","19"
"368",130,"CAJIBIO","19"
"369",137,"CALDONO","19"
"370",142,"CALOTO (1)","19"
"371",212,"CORINTO","19"
"372",256,"EL TAMBO","19"
"373",290,"FLORENCIA","19"
"374",300,"GUACHENE (1)","19"
"375",318,"GUAPI","19"
"376",355,"INZA","19"
"377",364,"JAMBALO","19"
"378",392,"LA SIERRA","19"
"379",397,"LA VEGA","19"
"380",418,"LOPEZ","19"
"381",450,"MERCADERES","19"
"382",455,"MIRANDA","19"
"383",473,"MORALES","19"
"384",513,"PADILLA","19"
"385",517,"PAEZ","19"
"386",532,"PATIA","19"
"387",533,"PIAMONTE","19"
"388",548,"PIENDAMO","19"
"389",573,"PUERTO TEJADA","19"
"390",585,"PURACE","19"
"391",622,"ROSAS","19"
"392",693,"SAN SEBASTIAN","19"
"394",701,"SANTA ROSA","19"
"395",743,"SILVIA","19"
"396",760,"SOTARA","19"
"397",780,"SUAREZ","19"
"398",785,"SUCRE","19"
"399",807,"TIMBIO","19"
"400",809,"TIMBIQUI","19"
"401",821,"TORIBIO","19"
"402",824,"TOTORO","19"
"403",845,"VILLA RICA","19"
"404",1,"VALLEDUPAR","20"
"405",11,"AGUACHICA","20"
"406",13,"AGUSTIN CODAZZI","20"
"407",32,"ASTREA","20"
"408",45,"BECERRIL","20"
"409",60,"BOSCONIA","20"
"410",175,"CHIMICHAGUA","20"
"411",178,"CHIRIGUANA","20"
"412",228,"CURUMANI","20"
"413",238,"EL COPEY","20"
"414",250,"EL PASO","20"
"415",295,"GAMARRA","20"
"416",310,"GONZALEZ","20"
"417",383,"LA GLORIA","20"
"418",400,"LA JAGUA DE IBIRICO","20"
"419",443,"MANAURE","20"
"420",517,"PAILITAS","20"
"421",550,"PELAYA","20"
"422",570,"PUEBLO BELLO","20"
"423",614,"RIO DE ORO","20"
"424",621,"LA PAZ","20"
"425",710,"SAN ALBERTO","20"
"426",750,"SAN DIEGO","20"
"427",770,"SAN MARTIN","20"
"428",787,"TAMALAMEQUE","20"
"429",1,"MONTERIA","23"
"430",68,"AYAPEL","23"
"431",79,"BUENAVISTA","23"
"432",90,"CANALETE","23"
"433",162,"CERETE","23"
"434",168,"CHIMA (3)","23"
"435",182,"CHINU","23"
"436",189,"CIENAGA DE ORO","23"
"437",300,"COTORRA","23"
"438",350,"LA APARTADA","23"
"439",417,"LORICA","23"
"440",419,"LOS CORDOBAS","23"
"441",464,"MOMIL","23"
"442",466,"MONTELIBANO (1)","23"
"443",500,"MOÑITOS","23"
"444",555,"PLANETA RICA","23"
"445",570,"PUEBLO NUEVO","23"
"446",574,"PUERTO ESCONDIDO","23"
"447",580,"PUERTO LIBERTADOR","23"
"448",586,"PURISIMA","23"
"449",660,"SAHAGUN","23"
"451",672,"SAN ANTERO","23"
"453",678,"SAN CARLOS","23"
"454",682,"SAN JOSE DE URE (1)","23"
"455",686,"SAN PELAYO","23"
"456",807,"TIERRALTA","23"
"457",855,"VALENCIA","23"
"458",1,"AGUA DE DIOS","25"
"459",19,"ALBAN","25"
"460",35,"ANAPOIMA","25"
"461",40,"ANOLAIMA","25"
"462",53,"ARBELAEZ","25"
"463",86,"BELTRAN","25"
"464",95,"BITUIMA","25"
"465",99,"BOJACA","25"
"466",120,"CABRERA","25"
"467",123,"CACHIPAY","25"
"468",126,"CAJICA","25"
"469",148,"CAPARRAPI","25"
"470",151,"CAQUEZA","25"
"471",154,"CARMEN DE CARUPA","25"
"472",168,"CHAGUANI","25"
"473",175,"CHIA","25"
"474",178,"CHIPAQUE","25"
"475",181,"CHOACHI","25"
"476",183,"CHOCONTA","25"
"477",200,"COGUA","25"
"478",214,"COTA","25"
"479",224,"CUCUNUBA","25"
"480",245,"EL COLEGIO","25"
"481",258,"EL PEÑON","25"
"482",260,"EL ROSAL","25"
"483",269,"FACATATIVA","25"
"484",279,"FOMEQUE","25"
"485",281,"FOSCA","25"
"486",286,"FUNZA","25"
"487",288,"FUQUENE","25"
"488",290,"FUSAGASUGA","25"
"489",293,"GACHALA","25"
"490",295,"GACHANCIPA","25"
"491",297,"GACHETA","25"
"492",299,"GAMA","25"
"493",307,"GIRARDOT","25"
"494",312,"GRANADA","25"
"495",317,"GUACHETA","25"
"496",320,"GUADUAS","25"
"497",322,"GUASCA","25"
"498",324,"GUATAQUI","25"
"499",326,"GUATAVITA","25"
"500",328,"GUAYABAL DE SIQUIMA","25"
"501",335,"GUAYABETAL","25"
"502",339,"GUTIERREZ","25"
"503",368,"JERUSALEN","25"
"504",372,"JUNIN","25"
"505",377,"LA CALERA","25"
"506",386,"LA MESA","25"
"507",394,"LA PALMA","25"
"508",398,"LA PEÑA","25"
"509",402,"LA VEGA","25"
"510",407,"LENGUAZAQUE","25"
"511",426,"MACHETA","25"
"512",430,"MADRID","25"
"513",436,"MANTA","25"
"514",438,"MEDINA","25"
"515",473,"MOSQUERA","25"
"516",483,"NARIÑO","25"
"517",486,"NEMOCON","25"
"518",488,"NILO","25"
"519",489,"NIMAIMA","25"
"520",491,"NOCAIMA","25"
"521",506,"VENECIA","25"
"522",513,"PACHO","25"
"523",518,"PAIME","25"
"524",524,"PANDI","25"
"525",530,"PARATEBUENO","25"
"526",535,"PASCA","25"
"527",572,"PUERTO SALGAR","25"
"528",580,"PULI","25"
"529",592,"QUEBRADANEGRA","25"
"530",594,"QUETAME","25"
"531",596,"QUIPILE","25"
"532",599,"APULO","25"
"533",612,"RICAURTE","25"
"535",649,"SAN BERNARDO","25"
"536",653,"SAN CAYETANO","25"
"537",658,"SAN FRANCISCO","25"
"538",662,"SAN JUAN DE RIO SECO","25"
"539",718,"SASAIMA","25"
"540",736,"SESQUILE","25"
"541",740,"SIBATE","25"
"542",743,"SILVANIA","25"
"543",745,"SIMIJACA","25"
"544",754,"SOACHA","25"
"545",758,"SOPO","25"
"546",769,"SUBACHOQUE","25"
"547",772,"SUESCA","25"
"548",777,"SUPATA","25"
"549",779,"SUSA","25"
"550",781,"SUTATAUSA","25"
"551",785,"TABIO","25"
"552",793,"TAUSA","25"
"553",797,"TENA","25"
"554",799,"TENJO","25"
"555",805,"TIBACUY","25"
"556",807,"TIBIRITA","25"
"557",815,"TOCAIMA","25"
"558",817,"TOCANCIPA","25"
"559",823,"TOPAIPI","25"
"560",839,"UBALA","25"
"561",841,"UBAQUE","25"
"563",845,"UNE","25"
"564",851,"UTICA","25"
"565",862,"VERGARA","25"
"566",867,"VIANI","25"
"567",871,"VILLAGOMEZ","25"
"568",873,"VILLAPINZON","25"
"569",875,"VILLETA","25"
"570",878,"VIOTA","25"
"571",885,"YACOPI","25"
"572",898,"ZIPACON","25"
"573",899,"ZIPAQUIRA","25"
"574",1,"QUIBDO","27"
"575",6,"ACANDI","27"
"576",25,"ALTO BAUDO","27"
"577",50,"ATRATO","27"
"578",73,"BAGADO","27"
"579",75,"BAHIA SOLANO","27"
"580",77,"BAJO BAUDO","27"
"581",99,"BOJAYA","27"
"583",150,"CARMEN DEL DARIEN","27"
"584",160,"CERTEGUI","27"
"585",205,"CONDOTO","27"
"586",245,"EL CARMEN DE ATRATO","27"
"588",361,"ISTMINA","27"
"589",372,"JURADO","27"
"590",413,"LLORO","27"
"591",425,"MEDIO ATRATO","27"
"592",430,"MEDIO BAUDO","27"
"593",450,"MEDIO SAN JUAN","27"
"594",491,"NOVITA","27"
"595",495,"NUQUI","27"
"596",580,"RIO IRO","27"
"597",600,"RIO QUITO","27"
"598",615,"RIOSUCIO (2)","27"
"599",660,"SAN JOSE DEL PALMAR","27"
"600",745,"SIPI","27"
"601",787,"TADO","27"
"602",800,"UNGUIA","27"
"603",810,"UNION PANAMERICANA","27"
"604",1,"NEIVA","41"
"605",6,"ACEVEDO","41"
"606",13,"AGRADO","41"
"607",16,"AIPE","41"
"608",20,"ALGECIRAS","41"
"609",26,"ALTAMIRA","41"
"610",78,"BARAYA","41"
"611",132,"CAMPOALEGRE","41"
"612",206,"COLOMBIA","41"
"613",244,"ELIAS","41"
"614",298,"GARZON","41"
"615",306,"GIGANTE","41"
"616",319,"GUADALUPE","41"
"617",349,"HOBO","41"
"618",357,"IQUIRA","41"
"619",359,"ISNOS","41"
"620",378,"LA ARGENTINA","41"
"621",396,"LA PLATA","41"
"622",483,"NATAGA","41"
"623",503,"OPORAPA","41"
"624",518,"PAICOL","41"
"625",524,"PALERMO","41"
"626",530,"PALESTINA","41"
"627",548,"PITAL","41"
"628",551,"PITALITO","41"
"629",615,"RIVERA","41"
"630",660,"SALADOBLANCO","41"
"631",668,"SAN AGUSTIN","41"
"632",676,"SANTA MARIA","41"
"633",770,"SUAZA","41"
"634",791,"TARQUI","41"
"635",797,"TESALIA","41"
"636",799,"TELLO","41"
"637",801,"TERUEL","41"
"638",807,"TIMANA","41"
"639",872,"VILLAVIEJA","41"
"640",885,"YAGUARA","41"
"641",1,"RIOHACHA","44"
"642",35,"ALBANIA","44"
"643",78,"BARRANCAS","44"
"644",90,"DIBULLA","44"
"645",98,"DISTRACCION","44"
"646",110,"EL MOLINO","44"
"647",279,"FONSECA","44"
"648",378,"HATONUEVO","44"
"649",420,"LA JAGUA DEL PILAR","44"
"650",430,"MAICAO","44"
"651",560,"MANAURE","44"
"652",650,"SAN JUAN DEL CESAR","44"
"653",847,"URIBIA","44"
"654",855,"URUMITA","44"
"655",874,"VILLANUEVA","44"
"656",1,"SANTA MARTA","47"
"657",30,"ALGARROBO","47"
"658",53,"ARACATACA","47"
"659",58,"ARIGUANI","47"
"660",161,"CERRO SAN ANTONIO","47"
"661",170,"CHIBOLO","47"
"662",189,"CIENAGA","47"
"663",205,"CONCORDIA","47"
"664",245,"EL BANCO","47"
"665",258,"EL PIÑON","47"
"666",268,"EL RETEN","47"
"667",288,"FUNDACION","47"
"668",318,"GUAMAL","47"
"669",460,"NUEVA GRANADA","47"
"670",541,"PEDRAZA","47"
"671",545,"PIJIÑO DEL CARMEN","47"
"672",551,"PIVIJAY","47"
"673",555,"PLATO","47"
"674",570,"PUEBLOVIEJO","47"
"675",605,"REMOLINO","47"
"676",660,"SABANAS DE SAN ANGEL","47"
"677",675,"SALAMINA","47"
"679",703,"SAN ZENON","47"
"680",707,"SANTA ANA","47"
"682",745,"SITIONUEVO","47"
"683",798,"TENERIFE","47"
"684",960,"ZAPAYAN","47"
"685",980,"ZONA BANANERA","47"
"686",1,"VILLAVICENCIO","50"
"687",6,"ACACIAS","50"
"688",110,"BARRANCA DE UPIA","50"
"689",124,"CABUYARO","50"
"690",150,"CASTILLA LA NUEVA","50"
"691",223,"CUBARRAL","50"
"692",226,"CUMARAL","50"
"693",245,"EL CALVARIO","50"
"694",251,"EL CASTILLO","50"
"695",270,"EL DORADO","50"
"696",287,"FUENTE DE ORO","50"
"697",313,"GRANADA","50"
"698",318,"GUAMAL","50"
"699",325,"MAPIRIPAN","50"
"700",330,"MESETAS","50"
"701",350,"LA MACARENA","50"
"702",370,"URIBE","50"
"703",400,"LEJANIAS","50"
"704",450,"PUERTO CONCORDIA","50"
"705",568,"PUERTO GAITAN","50"
"706",573,"PUERTO LOPEZ","50"
"707",577,"PUERTO LLERAS","50"
"708",590,"PUERTO RICO","50"
"709",606,"RESTREPO","50"
"710",680,"SAN CARLOS DE GUAROA","50"
"711",683,"SAN JUAN DE ARAMA","50"
"712",686,"SAN JUANITO","50"
"713",689,"SAN MARTIN","50"
"714",711,"VISTAHERMOSA","50"
"715",1,"PASTO","52"
"716",19,"ALBAN","52"
"717",22,"ALDANA","52"
"718",36,"ANCUYA","52"
"719",51,"ARBOLEDA","52"
"720",79,"BARBACOAS","52"
"721",83,"BELEN","52"
"722",110,"BUESACO","52"
"723",203,"COLON","52"
"724",207,"CONSACA","52"
"725",210,"CONTADERO","52"
"726",215,"CORDOBA","52"
"727",224,"CUASPUD","52"
"728",227,"CUMBAL","52"
"729",233,"CUMBITARA","52"
"730",240,"CHACHAGsI","52"
"731",250,"EL CHARCO","52"
"732",254,"EL PEÑOL","52"
"733",256,"EL ROSARIO","52"
"734",258,"EL TABLON DE GOMEZ","52"
"735",260,"EL TAMBO","52"
"736",287,"FUNES","52"
"737",317,"GUACHUCAL","52"
"738",320,"GUAITARILLA","52"
"739",323,"GUALMATAN","52"
"740",352,"ILES","52"
"741",354,"IMUES","52"
"742",356,"IPIALES","52"
"743",378,"LA CRUZ","52"
"744",381,"LA FLORIDA","52"
"745",385,"LA LLANADA","52"
"746",390,"LA TOLA","52"
"747",399,"LA UNION","52"
"748",405,"LEIVA","52"
"749",411,"LINARES","52"
"750",418,"LOS ANDES","52"
"751",427,"MAGsI","52"
"752",435,"MALLAMA","52"
"753",473,"MOSQUERA","52"
"754",480,"NARIÑO","52"
"755",490,"OLAYA HERRERA","52"
"756",506,"OSPINA","52"
"757",520,"FRANCISCO PIZARRO","52"
"758",540,"POLICARPA","52"
"759",560,"POTOSI","52"
"760",565,"PROVIDENCIA","52"
"761",573,"PUERRES","52"
"762",585,"PUPIALES","52"
"763",612,"RICAURTE","52"
"764",621,"ROBERTO PAYAN","52"
"765",678,"SAMANIEGO","52"
"766",683,"SANDONA","52"
"767",685,"SAN BERNARDO","52"
"768",687,"SAN LORENZO","52"
"769",693,"SAN PABLO","52"
"770",694,"SAN PEDRO DE CARTAGO","52"
"771",696,"SANTA BARBARA","52"
"772",699,"SANTACRUZ","52"
"773",720,"SAPUYES","52"
"774",786,"TAMINANGO","52"
"775",788,"TANGUA","52"
"776",835,"SAN ANDRES DE TUMACO","52"
"777",838,"TUQUERRES","52"
"778",885,"YACUANQUER","52"
"779",1,"CUCUTA","54"
"780",3,"ABREGO","54"
"781",51,"ARBOLEDAS","54"
"782",99,"BOCHALEMA","54"
"783",109,"BUCARASICA","54"
"784",125,"CACOTA","54"
"785",128,"CACHIRA","54"
"786",172,"CHINACOTA","54"
"787",174,"CHITAGA","54"
"788",206,"CONVENCION","54"
"789",223,"CUCUTILLA","54"
"790",239,"DURANIA","54"
"791",245,"EL CARMEN","54"
"792",250,"EL TARRA","54"
"793",261,"EL ZULIA","54"
"794",313,"GRAMALOTE","54"
"795",344,"HACARI","54"
"796",347,"HERRAN","54"
"797",377,"LABATECA","54"
"798",385,"LA ESPERANZA","54"
"799",398,"LA PLAYA","54"
"800",405,"LOS PATIOS","54"
"801",418,"LOURDES","54"
"802",480,"MUTISCUA","54"
"803",498,"OCAÑA","54"
"804",518,"PAMPLONA","54"
"805",520,"PAMPLONITA","54"
"806",553,"PUERTO SANTANDER","54"
"807",599,"RAGONVALIA","54"
"808",660,"SALAZAR","54"
"809",670,"SAN CALIXTO","54"
"810",673,"SAN CAYETANO","54"
"811",680,"SANTIAGO","54"
"812",720,"SARDINATA","54"
"813",743,"SILOS","54"
"814",800,"TEORAMA","54"
"815",810,"TIBU","54"
"816",820,"TOLEDO","54"
"817",871,"VILLA CARO","54"
"818",874,"VILLA DEL ROSARIO","54"
"819",1,"ARMENIA","63"
"820",111,"BUENAVISTA","63"
"821",130,"CALARCA","63"
"822",190,"CIRCASIA","63"
"823",212,"CORDOBA","63"
"824",272,"FILANDIA","63"
"825",302,"GENOVA","63"
"826",401,"LA TEBAIDA","63"
"827",470,"MONTENEGRO","63"
"828",548,"PIJAO","63"
"829",594,"QUIMBAYA","63"
"830",690,"SALENTO","63"
"831",1,"PEREIRA","66"
"832",45,"APIA","66"
"833",75,"BALBOA","66"
"834",88,"BELEN DE UMBRIA","66"
"835",170,"DOSQUEBRADAS","66"
"836",318,"GUATICA","66"
"837",383,"LA CELIA","66"
"838",400,"LA VIRGINIA","66"
"839",440,"MARSELLA","66"
"840",456,"MISTRATO","66"
"841",572,"PUEBLO RICO","66"
"842",594,"QUINCHIA","66"
"843",682,"SANTA ROSA DE CABAL","66"
"844",687,"SANTUARIO","66"
"845",1,"BUCARAMANGA","68"
"846",13,"AGUADA","68"
"847",20,"ALBANIA","68"
"848",51,"ARATOCA","68"
"849",77,"BARBOSA","68"
"850",79,"BARICHARA","68"
"851",81,"BARRANCABERMEJA","68"
"852",92,"BETULIA","68"
"853",101,"BOLIVAR","68"
"854",121,"CABRERA","68"
"855",132,"CALIFORNIA","68"
"856",147,"CAPITANEJO","68"
"857",152,"CARCASI","68"
"858",160,"CEPITA","68"
"859",162,"CERRITO","68"
"860",167,"CHARALA","68"
"861",169,"CHARTA","68"
"862",176,"CHIMA","68"
"863",179,"CHIPATA","68"
"864",190,"CIMITARRA","68"
"865",207,"CONCEPCION","68"
"866",209,"CONFINES","68"
"867",211,"CONTRATACION","68"
"868",217,"COROMORO","68"
"869",229,"CURITI","68"
"870",235,"EL CARMEN DE CHUCURI","68"
"871",245,"EL GUACAMAYO","68"
"872",250,"EL PEÑON","68"
"873",255,"EL PLAYON","68"
"874",264,"ENCINO","68"
"875",266,"ENCISO","68"
"876",271,"FLORIAN","68"
"877",276,"FLORIDABLANCA","68"
"878",296,"GALAN","68"
"879",298,"GAMBITA","68"
"880",307,"GIRON","68"
"881",318,"GUACA","68"
"882",320,"GUADALUPE","68"
"883",322,"GUAPOTA","68"
"884",324,"GUAVATA","68"
"885",327,"GsEPSA","68"
"886",344,"HATO","68"
"887",368,"JESUS MARIA","68"
"888",370,"JORDAN","68"
"889",377,"LA BELLEZA","68"
"890",385,"LANDAZURI","68"
"891",397,"LA PAZ","68"
"892",406,"LEBRIJA","68"
"893",418,"LOS SANTOS","68"
"894",425,"MACARAVITA","68"
"895",432,"MALAGA","68"
"896",444,"MATANZA","68"
"897",464,"MOGOTES","68"
"898",468,"MOLAGAVITA","68"
"899",498,"OCAMONTE","68"
"900",500,"OIBA","68"
"901",502,"ONZAGA","68"
"902",522,"PALMAR","68"
"903",524,"PALMAS DEL SOCORRO","68"
"904",533,"PARAMO","68"
"905",547,"PIEDECUESTA","68"
"906",549,"PINCHOTE","68"
"907",572,"PUENTE NACIONAL","68"
"908",573,"PUERTO PARRA","68"
"909",575,"PUERTO WILCHES","68"
"910",615,"RIONEGRO","68"
"911",655,"SABANA DE TORRES","68"
"912",669,"SAN ANDRES","68"
"913",673,"SAN BENITO","68"
"914",679,"SAN GIL","68"
"915",682,"SAN JOAQUIN","68"
"916",684,"SAN JOSE DE MIRANDA","68"
"917",686,"SAN MIGUEL","68"
"919",705,"SANTA BARBARA","68"
"921",745,"SIMACOTA","68"
"922",755,"SOCORRO","68"
"923",770,"SUAITA","68"
"924",773,"SUCRE","68"
"925",780,"SURATA","68"
"926",820,"TONA","68"
"927",855,"VALLE DE SAN JOSE","68"
"928",861,"VELEZ","68"
"929",867,"VETAS","68"
"930",872,"VILLANUEVA","68"
"931",895,"ZAPATOCA","68"
"932",1,"SINCELEJO","70"
"933",110,"BUENAVISTA","70"
"934",124,"CAIMITO","70"
"935",204,"COLOSO","70"
"936",215,"COROZAL","70"
"937",221,"COVEÑAS","70"
"938",230,"CHALAN","70"
"939",233,"EL ROBLE","70"
"940",235,"GALERAS","70"
"941",265,"GUARANDA","70"
"942",400,"LA UNION","70"
"943",418,"LOS PALMITOS","70"
"944",429,"MAJAGUAL","70"
"945",473,"MORROA","70"
"946",508,"OVEJAS","70"
"947",523,"PALMITO","70"
"948",670,"SAMPUES","70"
"949",678,"SAN BENITO ABAD","70"
"950",702,"SAN JUAN DE BETULIA","70"
"951",708,"SAN MARCOS","70"
"952",713,"SAN ONOFRE","70"
"953",717,"SAN PEDRO","70"
"954",742,"SAN LUIS DE SINCE","70"
"955",771,"SUCRE","70"
"956",820,"SANTIAGO DE TOLU","70"
"957",823,"TOLU VIEJO","70"
"958",1,"IBAGUE","73"
"959",24,"ALPUJARRA","73"
"960",26,"ALVARADO","73"
"961",30,"AMBALEMA","73"
"962",43,"ANZOATEGUI","73"
"963",55,"ARMERO","73"
"964",67,"ATACO","73"
"965",124,"CAJAMARCA","73"
"966",148,"CARMEN DE APICALA","73"
"967",152,"CASABIANCA","73"
"968",168,"CHAPARRAL","73"
"969",200,"COELLO","73"
"970",217,"COYAIMA","73"
"971",226,"CUNDAY","73"
"972",236,"DOLORES","73"
"973",268,"ESPINAL","73"
"974",270,"FALAN","73"
"975",275,"FLANDES","73"
"976",283,"FRESNO","73"
"977",319,"GUAMO","73"
"978",347,"HERVEO","73"
"979",349,"HONDA","73"
"980",352,"ICONONZO","73"
"981",408,"LERIDA","73"
"982",411,"LIBANO","73"
"983",443,"MARIQUITA","73"
"984",449,"MELGAR","73"
"985",461,"MURILLO","73"
"986",483,"NATAGAIMA","73"
"987",504,"ORTEGA","73"
"988",520,"PALOCABILDO","73"
"989",547,"PIEDRAS","73"
"990",555,"PLANADAS","73"
"991",563,"PRADO","73"
"992",585,"PURIFICACION","73"
"993",616,"RIOBLANCO","73"
"994",622,"RONCESVALLES","73"
"995",624,"ROVIRA","73"
"996",671,"SALDAÑA","73"
"997",675,"SAN ANTONIO","73"
"998",678,"SAN LUIS","73"
"999",686,"SANTA ISABEL","73"
"1000",770,"SUAREZ","73"
"1001",854,"VALLE DE SAN JUAN","73"
"1002",861,"VENADILLO","73"
"1003",870,"VILLAHERMOSA","73"
"1004",873,"VILLARRICA","73"
"1005",1,"CALI","76"
"1006",20,"ALCALA","76"
"1007",36,"ANDALUCIA","76"
"1008",41,"ANSERMANUEVO","76"
"1009",54,"ARGELIA","76"
"1010",100,"BOLIVAR","76"
"1011",109,"BUENAVENTURA","76"
"1012",111,"GUADALAJARA DE BUGA","76"
"1013",113,"BUGALAGRANDE","76"
"1014",122,"CAICEDONIA","76"
"1015",126,"CALIMA","76"
"1016",130,"CANDELARIA","76"
"1017",147,"CARTAGO","76"
"1018",233,"DAGUA","76"
"1019",243,"EL AGUILA","76"
"1020",246,"EL CAIRO","76"
"1021",248,"EL CERRITO","76"
"1022",250,"EL DOVIO","76"
"1023",275,"FLORIDA","76"
"1024",306,"GINEBRA","76"
"1025",318,"GUACARI","76"
"1026",364,"JAMUNDI","76"
"1027",377,"LA CUMBRE","76"
"1028",400,"LA UNION","76"
"1029",403,"LA VICTORIA","76"
"1030",497,"OBANDO","76"
"1031",520,"PALMIRA","76"
"1032",563,"PRADERA","76"
"1033",606,"RESTREPO","76"
"1034",616,"RIOFRIO","76"
"1035",622,"ROLDANILLO","76"
"1036",670,"SAN PEDRO","76"
"1037",736,"SEVILLA","76"
"1038",823,"TORO","76"
"1039",828,"TRUJILLO","76"
"1040",834,"TULUA","76"
"1041",845,"ULLOA","76"
"1042",863,"VERSALLES","76"
"1043",869,"VIJES","76"
"1044",890,"YOTOCO","76"
"1045",892,"YUMBO","76"
"1046",895,"ZARZAL","76"
"1047",1,"ARAUCA","81"
"1048",65,"ARAUQUITA","81"
"1049",220,"CRAVO NORTE","81"
"1050",300,"FORTUL","81"
"1051",591,"PUERTO RONDON","81"
"1052",736,"SARAVENA","81"
"1053",794,"TAME","81"
"1054",1,"YOPAL","85"
"1055",10,"AGUAZUL","85"
"1056",15,"CHAMEZA","85"
"1057",125,"HATO COROZAL","85"
"1058",136,"LA SALINA","85"
"1059",139,"MANI","85"
"1060",162,"MONTERREY","85"
"1061",225,"NUNCHIA","85"
"1062",230,"OROCUE","85"
"1063",250,"PAZ DE ARIPORO","85"
"1064",263,"PORE","85"
"1065",279,"RECETOR","85"
"1066",300,"SABANALARGA","85"
"1067",315,"SACAMA","85"
"1068",325,"SAN LUIS DE PALENQUE","85"
"1069",400,"TAMARA","85"
"1070",410,"TAURAMENA","85"
"1071",430,"TRINIDAD","85"
"1072",440,"VILLANUEVA","85"
"1073",1,"MOCOA","86"
"1074",219,"COLON","86"
"1075",320,"ORITO","86"
"1076",568,"PUERTO ASIS","86"
"1077",569,"PUERTO CAICEDO","86"
"1078",571,"PUERTO GUZMAN","86"
"1079",573,"LEGUIZAMO","86"
"1080",749,"SIBUNDOY","86"
"1081",755,"SAN FRANCISCO","86"
"1082",757,"SAN MIGUEL","86"
"1083",760,"SANTIAGO","86"
"1084",865,"VALLE DEL GUAMUEZ","86"
"1085",885,"VILLAGARZON","86"
"1086",1,"SAN ANDRES","88"
"1087",564,"PROVIDENCIA","88"
"1088",1,"LETICIA","91"
"1089",263,"EL ENCANTO (CD)","91"
"1090",405,"LA CHORRERA (CD)","91"
"1091",407,"LA PEDRERA (CD)","91"
"1092",430,"LA VICTORIA (CD)","91"
"1093",460,"MIRITI - PARANA (CD)","91"
"1094",530,"PUERTO ALEGRIA (CD)","91"
"1095",536,"PUERTO ARICA (CD)","91"
"1096",540,"PUERTO NARIÑO","91"
"1098",798,"TARAPACA (CD)","91"
"1099",1,"INIRIDA","94"
"1100",343,"BARRANCO MINAS (CD)","94"
"1101",663,"MAPIRIPANA (CD)","94"
"1102",883,"SAN FELIPE (CD)","94"
"1103",884,"PUERTO COLOMBIA (CD)","94"
"1104",885,"LA GUADALUPE (CD)","94"
"1105",886,"CACAHUAL (CD)","94"
"1106",887,"PANA PANA (CD)","94"
"1107",888,"MORICHAL (CD)","94"
"1109",15,"CALAMAR","95"
"1110",25,"EL RETORNO","95"
"1111",200,"MIRAFLORES","95"
"1112",1,"MITU","97"
"1113",161,"CARURU","97"
"1114",511,"PACOA (CD)","97"
"1115",666,"TARAIRA","97"
"1116",777,"PAPUNAUA (CD)","97"
"1117",889,"YAVARATE (CD)","97"
"1118",1,"PUERTO CARREÑO","99"
"1119",524,"LA PRIMAVERA","99"
"1120",624,"SANTA ROSALIA","99"
"1121",773,"CUMARIBO","99"
